Customer_ID,Age,Gender,Purchase_Category,Purchase_Amount,Frequency_of_Purchase,Purchase_Channel,Brand_Loyalty,Product_Rating,Payment_Method,Time_of_Purchase
1,22,Female,Gardening & Outdoors,333.8,4,Mixed,5,5,Credit Card,03-01-2024
2,49,Male,Food & Beverages,222.22,11,In-Store,3,1,PayPal,4/16/2024
3,24,Female,,426.22,2,,5,5,Debit Card,3/15/2024
4,29,Female,Home Appliances,101.31,6,Mixed,3,1,Other,
5,33,Female,Furniture,211.7,6,Mixed,3,4,,1/30/2024
6,,Male,Office Supplies,,8,Mixed,3,3,Debit Card,3/19/2024
7,21,Female,Furniture,486.4,12,Online,2,5,Debit Card,3/15/2024
8,39,Male,Books,218.06,6,,5,,Credit Card,3/17/2024
9,24,,Office Supplies,,8,In-Store,3,5,Cash,06-10-2024
10,25,Bigender,Sports & Outdoors,418.83,,Online,2,5,PayPal,10-07-2024
11,33,Male,Mobile Accessories,389.7,12,In-Store,1,4,PayPal,07-02-2024
12,38,Female,Sports & Outdoors,238.93,,Online,,3,Cash,12/27/2024
13,34,Male,Luxury Goods,61.22,7,In-Store,5,2,Debit Card,08-05-2024
14,32,Male,Animal Feed,79.81,4,Mixed,5,5,,7/16/2024
15,30,Female,Health Care,58.51,2,Online,4,,PayPal,12/14/2024
16,40,Male,Hotels,109.29,3,Online,3,4,,08-11-2024
17,37,Male,,356.45,6,Mixed,5,5,Credit Card,10/18/2024
18,38,Female,Mobile Accessories,236.99,,Mixed,2,4,PayPal,12-09-2024
19,36,Male,Packages),454.39,10,In-Store,2,4,Other,7/23/2024
20,29,Female,Electronics,490.75,10,In-Store,2,4,Debit Card,
21,25,Bigender,Sports & Outdoors,418.83,7,,2,5,PayPal,10-07-2024
22,36,Female,Baby Products,56.74,5,,5,1,,
23,38,Male,,371.32,7,In-Store,4,4,Debit Card,2/25/2024
24,37,Female,Software & Apps,461,7,Online,2,4,Cash,
25,33,Female,Food & Beverages,253.37,6,In-Store,4,1,Other,12/25/2024
26,37,Male,Packages),136.53,3,Mixed,2,4,PayPal,
27,31,Female,Arts & Crafts,489.05,10,Online,5,3,PayPal,09-04-2024
28,50,Male,Electronics,81.91,10,In-Store,3,4,Debit Card,7/24/2024
29,50,Male,Arts & Crafts,135.8,2,,2,5,Debit Card,11/16/2024
30,45,Female,Health Supplements,382.24,12,In-Store,,5,PayPal,07-06-2024
31,33,Female,Gardening & Outdoors,354.7,5,Online,4,2,Other,02-10-2024
32,74,Male,Mobile Accessories,4338.2,6,Online,3,2,Other,6/29/2024
33,39,Genderfluid,,282.13,,Mixed,4,,Other,1/26/2024
34,48,,Mobile Accessories,454.38,10,Online,3,4,PayPal,6/15/2024
35,25,Male,Mobile Accessories,138.88,7,In-Store,2,4,Cash,06-08-2024
36,30,Female,Books,52.34,6,In-Store,3,4,PayPal,5/21/2024
37,34,Male,Groceries,338.2,7,Online,3,5,Other,09-01-2024
38,21,Female,Toys & Games,263.15,3,In-Store,1,5,Other,03-04-2024
39,36,Female,Software & Apps,371.58,2,Mixed,,1,Cash,9/13/2024
40,30,Male,Health Care,353.4,,Online,2,,,12-06-2024
41,,Female,Software & Apps,329.41,5,In-Store,5,3,,10/21/2024
42,46,Female,Food & Beverages,,,Online,,5,Other,11/17/2024
43,43,Male,Books,257.12,8,Online,2,1,Other,7/24/2024
44,,Male,Arts & Crafts,293.04,11,In-Store,4,,,03-03-2024
45,34,Male,Books,110.4,12,Mixed,5,1,Debit Card,11/13/2024
46,42,Female,,76.27,4,In-Store,2,3,Credit Card,12/24/2024
47,40,Female,Toys & Games,392.08,6,,2,5,Other,08-04-2024
48,25,Female,Toys & Games,51.22,6,Online,2,1,Cash,8/25/2024
49,38,Male,Clothing,227.57,2,Online,1,2,PayPal,8/17/2024
50,46,Female,Groceries,378.87,7,Online,1,,PayPal,04-01-2024
51,24,Female,Beauty & Personal Care,423.92,8,Mixed,3,1,Credit Card,8/24/2024
52,43,,Arts & Crafts,111.24,9,Mixed,5,2,Credit Card,08-06-2024
53,37,Female,Travel & Leisure (Flights,299.31,7,,2,4,Debit Card,02-01-2024
54,42,Male,Animal Feed,169.28,7,Mixed,4,4,Cash,6/17/2024
55,29,Male,Office Supplies,449.13,9,In-Store,2,1,Credit Card,06-12-2024
56,35,Female,Animal Feed,427.48,6,Online,4,2,,12/16/2024
57,27,Female,Sports & Outdoors,171.61,3,,3,1,Credit Card,10/31/2024
58,40,Female,Books,240.28,3,Online,3,5,Cash,12-07-2024
59,34,Female,Furniture,310.17,,In-Store,2,3,Debit Card,
60,25,Female,Hotels,,10,Online,5,3,PayPal,
61,38,Male,Baby Products,362.01,2,In-Store,2,4,Debit Card,11/24/2024
62,33,Polygender,Travel & Leisure (Flights,348.5,3,,2,3,,07-09-2024
63,32,Female,Animal Feed,395.97,9,In-Store,1,4,Debit Card,
64,50,Female,Sports & Outdoors,474.99,9,Online,,4,,07-10-2024
65,,Female,,286.43,4,Mixed,1,3,,07-12-2024
66,19,Genderfluid,Health Care,,8,Online,1,5,Credit Card,
67,46,Bigender,Electronics,223.47,9,Mixed,2,,Debit Card,9/20/2024
68,23,Male,Sports & Outdoors,414.83,2,,,4,,7/16/2024
69,34,Female,Books,391.38,,In-Store,5,2,,04-02-2024
70,48,Male,Furniture,,,Online,2,5,Credit Card,6/21/2024
71,27,,,328.36,11,In-Store,1,,Cash,03-11-2024
72,37,Female,Home Appliances,424.39,9,Mixed,,1,Credit Card,
73,47,Male,Health Supplements,197.12,10,In-Store,4,4,Other,6/14/2024
74,45,Male,Books,454.57,9,Mixed,2,5,Debit Card,
75,37,Male,Electronics,298.38,4,Mixed,3,4,Cash,4/27/2024
76,36,Male,Clothing,111.7,6,Online,4,5,Credit Card,11-07-2024
77,34,Male,Clothing,373.69,10,Online,3,2,Credit Card,12-04-2024
78,37,,Jewelry & Accessories,354.87,5,In-Store,1,,Cash,
79,,Female,Mobile Accessories,214.48,2,Online,4,2,Cash,
80,20,Male,Software & Apps,399.58,6,In-Store,3,4,Other,9/25/2024
81,27,Female,Luxury Goods,380.99,7,Mixed,1,2,Cash,12-09-2024
82,36,Male,,79,10,Online,1,2,Cash,9/14/2024
83,46,Female,Groceries,113.88,2,Online,5,2,PayPal,3/29/2024
84,26,Male,Travel & Leisure (Flights,121.57,4,Mixed,,5,Other,06-06-2024
85,21,Female,Health Supplements,215.54,11,Online,3,1,Credit Card,04-08-2024
86,43,Male,Furniture,,10,Mixed,1,1,PayPal,08-11-2024
87,19,,,111.75,4,In-Store,1,4,Debit Card,10-10-2024
88,41,Female,Office Supplies,136.2,2,Mixed,3,2,PayPal,6/15/2024
89,48,Male,Food & Beverages,439.31,,In-Store,3,2,Debit Card,08-11-2024
90,19,Female,Health Care,194.93,9,,4,4,Other,3/28/2024
91,29,Male,Food & Beverages,377.67,8,Online,5,3,PayPal,5/13/2024
92,26,Agender,Beauty & Personal Care,108.61,10,In-Store,3,2,Cash,11/23/2024
93,20,Female,Health Care,366.77,7,Mixed,4,3,Debit Card,9/18/2024
94,31,,Jewelry & Accessories,178.04,5,In-Store,5,,Credit Card,7/16/2024
95,23,Female,Toys & Games,461.09,8,,4,1,Debit Card,08-03-2024
96,19,Female,Hotels,211.16,5,In-Store,2,3,,6/28/2024
97,23,Female,Animal Feed,421.95,8,Mixed,3,5,Other,3/18/2024
98,49,Female,Furniture,378.59,5,Online,2,,Other,10/15/2024
99,23,Non-binary,Office Supplies,268.93,2,Mixed,5,5,Debit Card,11/23/2024
100,42,Male,Health Care,444.87,11,Online,5,4,Other,11/29/2024
101,18,Female,,160.82,7,In-Store,3,1,Cash,
102,35,,Hotels,,6,Mixed,4,,Cash,08-03-2024
103,22,Male,Home Appliances,177.05,5,,3,1,Cash,12-04-2024
104,28,Female,Food & Beverages,450.66,7,In-Store,2,5,Credit Card,6/13/2024
105,42,,Arts & Crafts,164.27,6,Online,,3,PayPal,7/13/2024
106,37,,Food & Beverages,346.36,12,Mixed,4,5,Credit Card,
107,33,Female,Animal Feed,377.77,9,Mixed,,2,Credit Card,8/26/2024
108,96,Female,Travel & Leisure (Flights,1634.1,2,In-Store,5,5,Other,2/25/2024
109,30,Female,Hotels,467.58,,Mixed,1,2,PayPal,4/15/2024
110,,Female,Books,247.51,10,Mixed,2,1,Credit Card,07-01-2024
111,25,Female,Office Supplies,365.1,,In-Store,2,3,Debit Card,8/30/2024
112,38,Female,Health Care,485.42,,Online,1,2,Other,11/13/2024
113,41,Female,Health Care,250.54,,In-Store,3,3,Credit Card,12/27/2024
114,49,Female,Jewelry & Accessories,163.14,5,Mixed,5,4,Debit Card,08-07-2024
115,21,Male,Gardening & Outdoors,162.31,8,In-Store,5,1,Credit Card,10-05-2024
116,37,Male,,328.21,7,Mixed,5,5,Credit Card,2/14/2024
117,30,Female,Sports & Outdoors,268.59,4,Online,3,3,Debit Card,04-05-2024
118,18,Female,Electronics,257.37,7,Online,3,3,PayPal,02-01-2024
119,41,Female,Office Supplies,205.49,,In-Store,5,3,,11-09-2024
120,40,Male,Mobile Accessories,407.91,7,In-Store,2,5,Other,6/17/2024
121,,Female,Food & Beverages,,6,Online,4,3,,06-01-2024
122,,Female,Clothing,397.78,12,Online,3,3,PayPal,9/24/2024
123,,,Electronics,305.29,3,Online,2,3,Debit Card,09-05-2024
124,,Male,Food & Beverages,257.86,6,Online,2,2,PayPal,
125,42,Female,Jewelry & Accessories,393.45,12,,3,1,Credit Card,10-06-2024
126,30,Male,Health Supplements,58.49,,Online,2,2,Other,7/29/2024
127,42,Male,Beauty & Personal Care,226.48,11,In-Store,5,,Debit Card,10/18/2024
128,26,Female,Health Care,469.22,6,In-Store,,1,Credit Card,08-07-2024
129,42,Female,Jewelry & Accessories,335.32,6,Mixed,3,3,Other,08-12-2024
130,31,Male,Animal Feed,184.74,5,In-Store,4,4,Debit Card,11/27/2024
131,,,Travel & Leisure (Flights,442.18,,In-Store,4,3,PayPal,
132,49,Male,,427.1,8,Mixed,1,2,PayPal,05-10-2024
133,34,Male,Home Appliances,326.82,4,Mixed,3,2,Credit Card,4/22/2024
134,41,Male,Hotels,98.97,12,In-Store,2,5,,
135,33,Male,Health Care,77.65,6,Online,1,4,,1/24/2024
136,47,Female,Electronics,85.61,2,Online,4,2,,10-04-2024
137,47,Male,Food & Beverages,164.79,4,In-Store,3,2,Credit Card,5/23/2024
138,29,,Health Supplements,235.46,10,In-Store,3,,Credit Card,11/13/2024
139,36,Female,Books,245.14,4,Online,4,5,PayPal,03-03-2024
140,43,,Toys & Games,,5,Online,1,4,Other,03-03-2024
141,31,Male,Home Appliances,309.22,5,Mixed,3,5,Cash,3/24/2024
142,27,Male,Groceries,146.59,10,Mixed,5,1,Cash,1/22/2024
143,48,Male,,298.73,4,,1,,Debit Card,11-02-2024
144,19,Genderqueer,Food & Beverages,395.01,2,,1,2,,4/18/2024
145,41,,Electronics,371.19,10,Mixed,1,,Credit Card,8/27/2024
146,33,Female,,193.76,10,Mixed,4,,Debit Card,02-03-2024
147,43,Male,Baby Products,424.27,6,Online,1,4,Cash,9/15/2024
148,38,Male,Jewelry & Accessories,496.11,2,Mixed,2,3,PayPal,
149,41,Male,Baby Products,341.91,3,Online,4,4,Cash,5/31/2024
150,40,Male,Gardening & Outdoors,127.66,11,Online,1,2,Credit Card,2/23/2024
151,47,Genderfluid,Software & Apps,227.47,2,,2,,Other,10/30/2024
152,35,Male,,342.99,3,In-Store,4,2,Other,11/22/2024
153,49,Non-binary,Packages),306.48,5,Mixed,,3,Credit Card,
154,22,Male,Home Appliances,308.54,3,Mixed,1,3,Credit Card,9/29/2024
155,49,Male,Travel & Leisure (Flights,124.17,,Mixed,5,2,Debit Card,11/16/2024
156,27,Female,Travel & Leisure (Flights,78,5,Online,1,5,Debit Card,11-09-2024
157,27,Female,Health Care,393.03,4,,4,4,Cash,09-03-2024
158,37,Female,Hotels,102.09,3,Mixed,1,4,PayPal,3/13/2024
159,82,Male,Health Care,4262.1,3,Mixed,1,4,Other,4/18/2024
160,42,,Arts & Crafts,,2,,2,4,Cash,5/21/2024
161,18,Female,Software & Apps,413.7,8,Mixed,3,3,Other,
162,49,Male,Arts & Crafts,348.63,4,,5,2,Debit Card,04-01-2024
163,23,Female,Animal Feed,91.27,7,In-Store,5,1,Cash,6/21/2024
164,29,Female,Luxury Goods,,11,Mixed,2,5,Cash,12/19/2024
165,25,Male,Gardening & Outdoors,138.2,,In-Store,1,2,,03-02-2024
166,38,Agender,Home Appliances,196.33,11,,4,,Debit Card,
167,32,Female,Packages),,8,In-Store,4,,Cash,8/29/2024
168,45,Male,Furniture,129.1,12,Mixed,,3,Credit Card,4/15/2024
169,45,Female,Baby Products,112.69,10,In-Store,1,4,Debit Card,
170,46,Male,Beauty & Personal Care,267.85,5,Online,5,2,,3/20/2024
171,24,Male,Home Appliances,,12,Online,1,,Credit Card,4/27/2024
172,48,,Health Supplements,79.1,10,In-Store,5,3,Debit Card,05-05-2024
173,35,Male,Health Care,256.63,12,In-Store,1,4,Debit Card,6/16/2024
174,,Female,,409.98,12,Mixed,,4,PayPal,10/15/2024
175,34,Male,Sports & Outdoors,291.6,2,In-Store,3,3,Cash,08-01-2024
176,50,Female,Home Appliances,101.7,7,Online,3,4,Debit Card,6/25/2024
177,50,Female,Health Care,369.73,2,Online,1,2,Debit Card,02-04-2024
178,,Male,Baby Products,71,12,Online,1,5,Cash,6/26/2024
179,47,Male,Packages),280.05,10,In-Store,4,1,Credit Card,07-06-2024
180,35,Male,Jewelry & Accessories,54.71,4,Mixed,5,2,,10/26/2024
181,27,Male,Packages),119.51,11,Mixed,5,5,PayPal,05-07-2024
182,37,Female,Arts & Crafts,57.5,12,Online,5,1,Cash,
183,38,Female,Books,225.05,5,Mixed,,1,Credit Card,6/27/2024
184,41,Female,Food & Beverages,441.15,7,Online,3,1,Debit Card,8/31/2024
185,48,Male,Animal Feed,481.21,3,Mixed,1,2,Credit Card,11/13/2024
186,48,Female,Arts & Crafts,102.96,3,Mixed,1,1,PayPal,12/19/2024
187,45,Female,Electronics,331.57,11,Mixed,3,1,Debit Card,05-06-2024
188,26,Non-binary,Electronics,101.29,11,In-Store,1,1,Cash,10/30/2024
189,50,Female,Packages),143.52,9,,2,,Credit Card,04-11-2024
190,,Male,Sports & Outdoors,,3,Mixed,1,2,Cash,05-05-2024
191,20,,Toys & Games,352.87,11,In-Store,5,3,PayPal,
192,48,Male,Mobile Accessories,228.68,3,,2,1,Debit Card,10-09-2024
193,31,Female,Food & Beverages,301.39,6,Online,2,1,Debit Card,4/21/2024
194,25,Female,Books,473.5,,Mixed,2,4,Other,7/24/2024
195,18,Agender,Home Appliances,72.8,11,In-Store,2,4,PayPal,
196,,Male,Packages),171.72,3,Online,5,3,PayPal,3/24/2024
197,31,Male,Software & Apps,467.5,6,In-Store,2,1,PayPal,04-04-2024
198,43,Genderqueer,Furniture,209.79,6,Mixed,5,1,Other,9/13/2024
199,73,Male,Office Supplies,1503.3,9,In-Store,4,,Debit Card,4/24/2024
200,29,Male,Luxury Goods,98.63,7,Online,4,5,Other,01-09-2024
201,21,Female,Beauty & Personal Care,193.3,11,Mixed,4,2,Other,06-03-2024
202,49,Female,Luxury Goods,145.02,,In-Store,3,2,Credit Card,6/23/2024
203,,,Health Supplements,294.99,4,Online,3,5,PayPal,
204,31,Polygender,Office Supplies,305.45,,Mixed,5,5,,10/24/2024
205,50,Female,Toys & Games,432.42,2,In-Store,4,4,PayPal,4/21/2024
206,,,,,11,Mixed,3,1,Credit Card,1/23/2024
207,36,Male,Toys & Games,160.89,10,,5,5,,6/23/2024
208,24,Female,Luxury Goods,,7,,2,5,PayPal,3/20/2024
209,36,Genderfluid,,268.28,9,Mixed,5,2,,04-09-2024
210,45,Female,Sports & Outdoors,64.49,6,Online,2,1,Other,10/19/2024
211,44,Male,,,10,,1,1,Credit Card,05-10-2024
212,,Male,Groceries,277.52,11,In-Store,4,1,PayPal,5/14/2024
213,40,Male,Health Supplements,53.67,7,Online,3,5,PayPal,4/13/2024
214,49,,Office Supplies,323.39,10,In-Store,2,3,Cash,01-04-2024
215,50,Female,Sports & Outdoors,98.02,5,In-Store,3,3,Debit Card,6/30/2024
216,24,Male,Travel & Leisure (Flights,231.26,10,In-Store,5,1,Cash,4/30/2024
217,26,Male,Food & Beverages,382.49,6,In-Store,4,2,Debit Card,02-01-2024
218,28,Male,Travel & Leisure (Flights,255.42,,Mixed,5,5,PayPal,07-01-2024
219,48,Female,Toys & Games,423.23,12,In-Store,3,3,Debit Card,11-05-2024
220,47,Male,Beauty & Personal Care,276.08,4,Mixed,4,5,Credit Card,1/29/2024
221,25,Male,Books,333.56,3,Mixed,4,5,Other,10/25/2024
222,39,,Groceries,129.82,12,Mixed,1,2,Cash,06-03-2024
223,41,,Clothing,278.78,3,Mixed,5,2,,6/14/2024
224,,Male,Gardening & Outdoors,112.55,5,In-Store,,4,Credit Card,10/22/2024
225,50,Female,Toys & Games,142.02,7,In-Store,1,,Cash,07-09-2024
226,33,Female,Packages),481.84,10,In-Store,1,4,Cash,8/14/2024
227,50,Agender,Packages),165.01,10,Mixed,1,2,PayPal,4/17/2024
228,25,Male,Baby Products,56.85,5,Online,2,1,Cash,11/16/2024
229,34,Agender,Hotels,182.89,2,Mixed,5,3,PayPal,08-12-2024
100,42,Male,Health Care,444.87,11,Online,5,4,Other,11/29/2024
101,18,Female,,160.82,7,In-Store,3,1,Cash,
102,35,,Hotels,,6,Mixed,4,,Cash,08-03-2024
103,22,Male,Home Appliances,177.05,5,,3,1,Cash,12-04-2024
104,28,Female,Food & Beverages,450.66,7,In-Store,2,5,Credit Card,6/13/2024
235,,Male,Furniture,103.4,9,In-Store,4,1,Debit Card,11-04-2024
236,47,,Furniture,67.92,3,In-Store,1,3,Cash,10/18/2024
237,42,,Health Supplements,354.16,8,In-Store,1,1,Credit Card,6/13/2024
238,30,Male,Books,276.77,2,Mixed,1,1,Cash,03-03-2024
239,49,Male,Health Care,190.25,,Mixed,4,2,PayPal,06-03-2024
240,28,Female,Animal Feed,203.49,7,,4,1,Cash,08-10-2024
241,24,Male,Health Supplements,263.5,6,Mixed,3,2,Debit Card,11/18/2024
242,40,Female,Arts & Crafts,247.3,,In-Store,,4,Credit Card,02-08-2024
243,18,Male,Toys & Games,50.71,12,Online,4,,Debit Card,3/17/2024
244,42,Male,,131.85,4,,5,4,Debit Card,01-04-2024
245,69,Male,Beauty & Personal Care,4593.9,6,Mixed,2,2,Credit Card,9/29/2024
246,36,Female,Office Supplies,383.33,,Online,3,4,Credit Card,08-05-2024
247,26,Female,Toys & Games,212.08,8,In-Store,5,5,Credit Card,05-07-2024
248,35,Female,Arts & Crafts,370.73,7,Online,,2,Debit Card,8/18/2024
249,39,Male,Clothing,319.66,,Mixed,4,2,Debit Card,2/18/2024
250,44,Female,Jewelry & Accessories,373.05,3,In-Store,,4,Cash,3/14/2024
251,19,Female,Sports & Outdoors,393.78,6,Online,3,4,Other,3/25/2024
252,27,Female,Clothing,245.04,4,Online,3,2,Other,12-03-2024
253,26,Female,Beauty & Personal Care,111.27,3,Online,1,3,,5/13/2024
254,26,Female,Baby Products,93.29,11,Online,2,2,Other,
255,27,,Hotels,156.5,5,Mixed,1,1,Other,01-10-2024
256,37,Male,Packages),,8,Mixed,,4,,10/30/2024
257,23,Female,Software & Apps,355.28,3,Mixed,5,5,Credit Card,9/17/2024
258,31,Bigender,Gardening & Outdoors,73.74,7,Online,,2,Other,8/17/2024
259,21,Female,Sports & Outdoors,170.35,10,In-Store,2,1,Cash,06-03-2024
260,36,Female,,123.7,6,Online,2,5,Other,7/28/2024
261,21,Female,Gardening & Outdoors,201.6,9,In-Store,1,4,PayPal,10/24/2024
262,27,,Furniture,116.14,11,Mixed,1,4,,04-01-2024
263,29,Female,Jewelry & Accessories,483.38,9,Online,2,1,Other,06-09-2024
264,24,Male,Health Supplements,418.62,9,In-Store,,2,Other,11/14/2024
265,,Female,Books,139.83,12,Online,2,4,,10-08-2024
266,,Female,Arts & Crafts,54.17,4,Mixed,4,5,Credit Card,01-11-2024
267,47,Male,Jewelry & Accessories,437.59,10,In-Store,1,4,,2/26/2024
268,32,Male,Hotels,113.57,5,Online,4,4,Cash,11-01-2024
269,21,Bigender,Packages),305.54,6,,3,5,,3/28/2024
270,23,Female,Food & Beverages,,2,In-Store,4,4,PayPal,01-08-2024
271,45,Non-binary,Jewelry & Accessories,323.4,11,Mixed,2,,Credit Card,
272,24,Genderfluid,Clothing,472.61,9,In-Store,5,5,PayPal,9/15/2024
273,20,,,,10,,3,2,Credit Card,11-01-2024
274,27,Male,Toys & Games,199.44,7,Online,,,Cash,7/14/2024
275,47,Male,Sports & Outdoors,250.73,4,,3,2,Cash,4/24/2024
276,34,Male,Clothing,372.49,12,Online,4,,Debit Card,8/22/2024
277,41,Male,Books,186.85,2,Online,3,1,Other,2/20/2024
278,26,Male,Sports & Outdoors,73.32,10,In-Store,5,1,Debit Card,1/27/2024
279,,Male,Clothing,214.59,,Online,1,1,Other,02-09-2024
280,47,Female,Furniture,467.32,12,In-Store,,4,PayPal,1/28/2024
281,18,Male,,475.65,4,In-Store,4,5,PayPal,6/23/2024
282,48,,Animal Feed,161.38,11,Mixed,5,3,Debit Card,8/20/2024
283,19,Male,Baby Products,249.78,4,In-Store,5,4,PayPal,11/24/2024
284,39,Female,Clothing,149.88,9,Mixed,3,2,Debit Card,4/19/2024
285,48,Female,Jewelry & Accessories,347.09,5,In-Store,5,,Other,1/26/2024
286,43,Female,Health Care,345.49,9,Mixed,3,1,PayPal,09-06-2024
287,31,Female,Health Care,297.24,2,,1,4,PayPal,6/29/2024
288,,Female,,494.34,,Online,5,3,Debit Card,03-03-2024
289,29,Genderqueer,,,5,In-Store,5,3,Cash,05-10-2024
290,45,Genderfluid,Jewelry & Accessories,457.18,,In-Store,4,3,Other,8/20/2024
291,38,Male,Books,407.88,4,In-Store,1,3,Cash,
292,30,Male,Books,448.68,8,In-Store,4,4,Debit Card,5/25/2024
293,,Female,Electronics,255.96,7,Online,5,1,Cash,12/23/2024
294,45,Male,Luxury Goods,146.07,7,In-Store,,2,Credit Card,
295,44,Female,Health Supplements,311.9,4,In-Store,2,4,Credit Card,12/30/2024
296,38,Female,Gardening & Outdoors,301.6,4,Mixed,4,5,Credit Card,03-11-2024
297,23,Polygender,Software & Apps,297.45,,Mixed,1,,,07-07-2024
298,,Genderqueer,Sports & Outdoors,157.26,3,Online,,3,Cash,7/24/2024
299,42,Male,Health Supplements,239.46,3,Mixed,3,1,Other,
300,28,Female,Gardening & Outdoors,240.82,10,Mixed,1,3,PayPal,01-02-2024
301,44,Female,Sports & Outdoors,302.07,6,Mixed,1,5,,04-09-2024
302,45,,Software & Apps,,2,Online,2,5,Debit Card,10/15/2024
303,46,Female,Groceries,359.75,7,In-Store,5,1,Other,1/23/2024
304,28,Female,Packages),204.44,2,Mixed,5,3,Debit Card,12-01-2024
305,27,Male,Gardening & Outdoors,228.93,7,Online,1,,,2/19/2024
306,20,Female,Office Supplies,355.31,11,Online,1,1,,8/19/2024
307,,Male,,,12,In-Store,2,,Debit Card,11/18/2024
308,36,Male,,182.72,5,Online,,1,Other,06-04-2024
309,43,Male,Jewelry & Accessories,260.22,,In-Store,4,3,Credit Card,11/20/2024
310,26,Female,Food & Beverages,454.93,8,Online,,5,Debit Card,
311,29,Male,Beauty & Personal Care,325.42,11,In-Store,2,,,10/20/2024
312,34,Female,Jewelry & Accessories,351.36,2,In-Store,5,3,Other,02-09-2024
313,40,Male,Baby Products,333.63,8,Mixed,4,5,Other,12-05-2024
314,42,,Beauty & Personal Care,469.9,4,Mixed,2,5,,6/28/2024
315,28,Male,Mobile Accessories,207.52,,In-Store,3,4,,08-06-2024
316,49,,Toys & Games,125.89,7,In-Store,3,3,Debit Card,11/22/2024
317,46,,Electronics,170.77,9,Online,5,2,Credit Card,08-04-2024
318,44,Female,Electronics,63.91,2,Online,1,4,Cash,01-12-2024
319,29,Male,Clothing,340.55,7,In-Store,4,5,Credit Card,11/19/2024
320,47,,,,6,Mixed,2,2,PayPal,09-04-2024
321,37,Female,Toys & Games,235.84,9,Mixed,5,2,,08-03-2024
322,47,Male,Arts & Crafts,164.44,5,In-Store,5,1,Other,04-08-2024
323,24,Male,Sports & Outdoors,455.81,,Online,2,3,Debit Card,
324,36,Male,,298.32,7,,3,5,Other,6/17/2024
325,36,Female,Hotels,351.71,7,In-Store,2,2,Other,3/19/2024
326,49,Male,Toys & Games,393.48,11,In-Store,,2,Other,
327,19,,Office Supplies,241.72,6,Mixed,,2,,5/29/2024
328,27,Female,Software & Apps,,3,In-Store,4,2,Other,
329,36,Female,Health Supplements,178.04,5,Mixed,1,1,Credit Card,9/19/2024
330,37,Male,,347.99,5,Mixed,4,4,PayPal,3/22/2024
331,45,Female,Office Supplies,343.81,3,In-Store,3,5,Credit Card,2/22/2024
332,47,Female,Animal Feed,105.29,7,In-Store,2,5,Cash,12/25/2024
333,32,Male,Hotels,483.66,3,Online,1,4,Other,
334,48,Male,Home Appliances,69.41,8,Mixed,5,3,Cash,1/28/2024
335,20,Genderfluid,Toys & Games,207.18,11,Online,1,3,PayPal,11/16/2024
336,32,Male,Health Supplements,,11,In-Store,2,1,Cash,12-08-2024
337,25,Male,Groceries,113.01,,,5,2,Credit Card,5/15/2024
338,42,Male,Packages),419.13,4,Mixed,3,5,Cash,
339,37,Female,Jewelry & Accessories,183.86,,Mixed,1,1,Debit Card,10-07-2024
340,21,,Packages),53.87,10,In-Store,4,3,Cash,6/25/2024
341,43,Female,Food & Beverages,427.82,9,In-Store,5,5,PayPal,04-04-2024
342,29,Female,,282.82,6,In-Store,5,,Other,2/29/2024
343,28,Male,Electronics,215.31,7,Online,5,5,Other,04-09-2024
344,43,Male,Furniture,183.66,11,,3,1,Credit Card,4/18/2024
345,48,Female,Baby Products,198.73,10,In-Store,1,5,Other,02-02-2024
346,26,Female,,265.72,5,Mixed,,4,,4/22/2024
347,42,,Software & Apps,138.35,2,,,,Other,7/14/2024
348,,Male,Groceries,441.87,3,Mixed,1,2,PayPal,09-10-2024
349,40,Female,,178.29,4,Mixed,4,,,7/29/2024
350,,,Sports & Outdoors,77.08,,Mixed,2,1,PayPal,10/15/2024
351,46,Male,Office Supplies,266.9,11,,,2,PayPal,07-01-2024
352,38,Female,Electronics,,4,In-Store,5,4,,05-04-2024
353,73,Male,Home Appliances,3342.2,8,Online,2,2,Cash,03-02-2024
354,40,Female,Travel & Leisure (Flights,,,,1,,PayPal,4/17/2024
355,34,Male,Electronics,360.91,4,Mixed,3,5,Credit Card,8/30/2024
356,44,Female,Groceries,373.49,6,Online,4,1,Cash,4/23/2024
357,,Female,Sports & Outdoors,462.3,5,Mixed,3,,Cash,11/25/2024
358,,Female,Toys & Games,332.67,8,In-Store,1,4,,12-11-2024
359,22,Female,Home Appliances,235.39,9,Online,5,4,Credit Card,5/25/2024
360,44,Female,Packages),269.78,7,In-Store,2,3,Other,7/25/2024
361,29,Male,,498.33,2,Online,3,,PayPal,05-08-2024
362,30,Female,Health Supplements,182.94,7,Mixed,1,5,Other,5/28/2024
363,19,Female,Health Supplements,121.7,,Mixed,4,,Credit Card,6/24/2024
364,45,Female,Software & Apps,489.27,4,Mixed,1,4,Debit Card,1/13/2024
365,38,Male,Software & Apps,303.93,6,Mixed,3,2,Debit Card,3/13/2024
366,24,Female,Food & Beverages,302.74,11,Mixed,1,5,PayPal,6/28/2024
367,42,Genderqueer,Beauty & Personal Care,,11,Online,3,,Debit Card,4/30/2024
368,46,,Sports & Outdoors,159.45,2,Online,3,2,Debit Card,6/14/2024
369,44,Female,Luxury Goods,312.93,2,In-Store,2,2,PayPal,08-04-2024
370,38,Male,Hotels,65.68,4,In-Store,4,4,,05-07-2024
371,44,Male,Software & Apps,61.86,5,In-Store,4,5,Cash,11/15/2024
372,18,Female,Electronics,343.77,6,Mixed,,4,Credit Card,2/16/2024
373,37,Male,Home Appliances,107.21,2,Online,4,2,Other,
374,31,Genderfluid,Home Appliances,148.98,12,Online,5,1,Debit Card,08-11-2024
375,22,,Health Care,490.41,4,,3,4,Other,
376,33,Male,Groceries,461.34,4,In-Store,3,1,Cash,03-06-2024
377,20,,Office Supplies,338.89,7,In-Store,4,2,Credit Card,5/21/2024
378,26,Male,Gardening & Outdoors,222.63,3,Mixed,1,1,Cash,3/23/2024
379,26,Male,Toys & Games,71.95,,Mixed,,5,Debit Card,9/22/2024
380,21,Male,Software & Apps,264.52,9,Online,3,3,Debit Card,
381,43,Male,Food & Beverages,414.8,9,Mixed,2,3,PayPal,1/30/2024
382,50,Male,Groceries,,12,Mixed,5,1,Other,5/28/2024
383,42,Female,Hotels,264.3,10,In-Store,5,,PayPal,8/20/2024
384,,Male,Animal Feed,122.46,12,Mixed,2,3,Credit Card,2/15/2024
385,20,Male,Software & Apps,238.01,8,In-Store,2,2,Cash,7/13/2024
386,40,Non-binary,Home Appliances,490.34,,In-Store,5,,,4/17/2024
387,38,Male,,245.98,4,Mixed,5,1,PayPal,11/29/2024
388,,Polygender,Hotels,390.83,9,,5,5,Cash,10/28/2024
389,99,Male,Jewelry & Accessories,1588.4,,,2,1,Cash,07-12-2024
390,37,Male,Baby Products,439.24,8,Mixed,3,3,Other,7/26/2024
391,23,Polygender,Toys & Games,92.43,12,,4,1,,12-05-2024
392,48,Female,Clothing,333.15,9,Mixed,,5,Other,08-12-2024
393,19,Male,Luxury Goods,64.22,9,Online,1,1,PayPal,01-02-2024
394,46,Female,Home Appliances,290.53,3,Online,3,2,Debit Card,11-04-2024
395,39,Male,Baby Products,251.8,,Mixed,5,1,Debit Card,
396,,Polygender,Sports & Outdoors,480.52,3,Online,5,4,Cash,4/30/2024
397,28,Female,Packages),461.71,10,Mixed,3,1,Cash,2/16/2024
398,50,Female,Software & Apps,288.34,12,Mixed,5,2,Cash,3/20/2024
399,19,Female,Gardening & Outdoors,,3,In-Store,5,5,PayPal,10/27/2024
400,27,Agender,Travel & Leisure (Flights,198.45,11,Online,3,5,PayPal,05-04-2024
401,23,Male,Baby Products,216.45,5,Mixed,5,,Credit Card,10/31/2024
402,19,,Baby Products,,5,In-Store,3,5,Credit Card,
403,22,Female,Luxury Goods,367.56,9,Online,,5,Other,7/18/2024
404,40,Male,,88.78,10,,5,3,PayPal,
405,48,Male,Food & Beverages,465.85,10,Online,5,3,PayPal,04-04-2024
406,49,Male,Clothing,262.61,3,,2,5,Other,2/28/2024
407,45,Agender,Home Appliances,91.24,8,,4,3,Cash,10/28/2024
408,42,Female,Luxury Goods,425.69,5,In-Store,2,5,,6/21/2024
409,41,Female,Packages),446.11,9,Mixed,3,1,PayPal,06-06-2024
410,23,Bigender,Software & Apps,490.11,8,Online,3,4,Other,12/24/2024
411,44,,Sports & Outdoors,403.57,6,Online,2,2,Other,11/14/2024
412,42,Female,Packages),442.15,10,Mixed,2,3,Credit Card,12/18/2024
413,49,Female,Sports & Outdoors,78.71,5,Online,,3,,
414,45,,Furniture,491.51,2,Mixed,2,5,PayPal,
415,36,,Furniture,457.39,12,In-Store,,1,,10/29/2024
416,38,Female,Food & Beverages,178.61,12,Online,,1,Credit Card,07-10-2024
417,44,Male,Health Care,492.51,7,Online,1,4,PayPal,1/30/2024
418,37,Agender,Home Appliances,411.4,3,In-Store,1,3,PayPal,08-12-2024
419,36,Male,Clothing,96.52,,In-Store,5,,Cash,3/17/2024
420,34,Male,Mobile Accessories,65.45,6,In-Store,2,4,,9/21/2024
421,23,Male,Health Care,255.86,3,Online,,5,PayPal,3/25/2024
422,35,Male,Furniture,,10,,5,3,PayPal,11-12-2024
423,45,Male,Home Appliances,430.75,,,,,Cash,04-06-2024
229,34,Agender,Hotels,182.89,2,Mixed,5,3,PayPal,08-12-2024
100,42,Male,Health Care,444.87,11,Online,5,4,Other,11/29/2024
101,18,Female,,160.82,7,In-Store,3,1,Cash,
102,35,,Hotels,,6,Mixed,4,,Cash,08-03-2024
103,22,Male,Home Appliances,177.05,5,,3,1,Cash,12-04-2024
104,28,Female,Food & Beverages,450.66,7,In-Store,2,5,Credit Card,6/13/2024
235,,Male,Furniture,103.4,9,In-Store,4,1,Debit Card,11-04-2024
236,47,,Furniture,67.92,3,In-Store,1,3,Cash,10/18/2024
237,42,,Health Supplements,354.16,8,In-Store,1,1,Credit Card,6/13/2024
238,30,Male,Books,276.77,2,Mixed,1,1,Cash,03-03-2024
239,49,Male,Health Care,190.25,,Mixed,4,2,PayPal,06-03-2024
240,28,Female,Animal Feed,203.49,7,,4,1,Cash,08-10-2024
241,24,Male,Health Supplements,263.5,6,Mixed,3,2,Debit Card,11/18/2024
242,40,Female,Arts & Crafts,247.3,,In-Store,,4,Credit Card,02-08-2024
243,18,Male,Toys & Games,50.71,12,Online,4,,Debit Card,3/17/2024
244,42,Male,,131.85,4,,5,4,Debit Card,01-04-2024
245,69,Male,Beauty & Personal Care,4593.9,6,Mixed,2,2,Credit Card,9/29/2024
246,36,Female,Office Supplies,383.33,,Online,3,4,Credit Card,08-05-2024
247,26,Female,Toys & Games,212.08,8,In-Store,5,5,Credit Card,05-07-2024
248,35,Female,Arts & Crafts,370.73,7,Online,,2,Debit Card,8/18/2024
249,39,Male,Clothing,319.66,,Mixed,4,2,Debit Card,2/18/2024
250,44,Female,Jewelry & Accessories,373.05,3,In-Store,,4,Cash,3/14/2024
251,19,Female,Sports & Outdoors,393.78,6,Online,3,4,Other,3/25/2024
252,27,Female,Clothing,245.04,4,Online,3,2,Other,12-03-2024
253,26,Female,Beauty & Personal Care,111.27,3,Online,1,3,,5/13/2024
254,26,Female,Baby Products,93.29,11,Online,2,2,Other,
255,27,,Hotels,156.5,5,Mixed,1,1,Other,01-10-2024
256,37,Male,Packages),,8,Mixed,,4,,10/30/2024
257,23,Female,Software & Apps,355.28,3,Mixed,5,5,Credit Card,9/17/2024
258,31,Bigender,Gardening & Outdoors,73.74,7,Online,,2,Other,8/17/2024
259,21,Female,Sports & Outdoors,170.35,10,In-Store,2,1,Cash,06-03-2024
260,36,Female,,123.7,6,Online,2,5,Other,7/28/2024
261,21,Female,Gardening & Outdoors,201.6,9,In-Store,1,4,PayPal,10/24/2024
262,27,,Furniture,116.14,11,Mixed,1,4,,04-01-2024
263,29,Female,Jewelry & Accessories,483.38,9,Online,2,1,Other,06-09-2024
264,24,Male,Health Supplements,418.62,9,In-Store,,2,Other,11/14/2024
265,,Female,Books,139.83,12,Online,2,4,,10-08-2024
266,,Female,Arts & Crafts,54.17,4,Mixed,4,5,Credit Card,01-11-2024
267,47,Male,Jewelry & Accessories,437.59,10,In-Store,1,4,,2/26/2024
268,32,Male,Hotels,113.57,5,Online,4,4,Cash,11-01-2024
464,48,Male,Toys & Games,334.45,2,In-Store,2,5,Credit Card,
465,19,Male,Food & Beverages,366.16,12,Mixed,4,4,Credit Card,8/26/2024
466,37,Female,Groceries,481.78,8,In-Store,5,2,Debit Card,4/24/2024
467,23,Female,Gardening & Outdoors,131.48,8,Mixed,3,5,Credit Card,08-08-2024
468,34,Female,Health Care,402.86,11,In-Store,3,5,Cash,09-05-2024
469,42,Male,Gardening & Outdoors,333.18,,In-Store,1,1,Other,4/16/2024
470,28,Female,Arts & Crafts,73.23,8,Online,2,2,Credit Card,
471,28,Male,Furniture,450.47,11,Online,5,2,Credit Card,
472,33,Male,Food & Beverages,175.74,,Online,5,4,Cash,7/18/2024
473,31,Female,Hotels,182.6,4,Online,5,,PayPal,5/31/2024
474,20,Female,Jewelry & Accessories,,,Online,3,5,Other,1/21/2024
475,32,Male,Food & Beverages,171.17,4,In-Store,1,3,Debit Card,6/15/2024
476,77,Female,Jewelry & Accessories,4258.2,3,In-Store,4,5,Cash,4/19/2024
477,19,Female,Sports & Outdoors,210.58,10,In-Store,5,1,Debit Card,09-12-2024
478,50,Male,Beauty & Personal Care,199.64,11,Online,5,4,PayPal,09-04-2024
479,40,Polygender,Packages),162.22,10,In-Store,5,5,Other,4/28/2024
480,20,,Sports & Outdoors,401.75,,Online,3,4,PayPal,12-08-2024
481,24,Female,Luxury Goods,365.88,12,Online,3,3,Other,11-05-2024
482,46,Male,Beauty & Personal Care,58.29,6,Mixed,2,3,Other,2/13/2024
483,50,Male,,66.86,3,Mixed,1,1,Other,
484,79,Female,Groceries,2793.4,5,Mixed,3,1,PayPal,8/22/2024
485,34,Genderfluid,Electronics,358.5,3,Online,3,4,,11/14/2024
486,94,Female,Jewelry & Accessories,,7,Online,2,1,PayPal,11-10-2024
487,38,Genderqueer,Groceries,374.36,4,Online,2,2,,10-03-2024
488,22,Genderfluid,Baby Products,435.37,11,Online,4,2,Credit Card,8/30/2024
489,44,Male,,459.3,9,Online,,4,Other,10-09-2024
490,43,,Jewelry & Accessories,426.89,2,Mixed,5,1,PayPal,11-02-2024
491,25,Male,Animal Feed,,6,Mixed,1,,PayPal,07-02-2024
492,21,Female,Mobile Accessories,487.25,4,Online,3,2,Cash,10-08-2024
493,29,Female,,187.22,10,Online,5,3,Credit Card,06-04-2024
494,41,,Toys & Games,,7,Mixed,3,4,Credit Card,8/13/2024
495,38,Genderfluid,Travel & Leisure (Flights,246.74,10,Online,2,3,,
496,25,Female,,51.22,6,Online,2,1,Cash,8/25/2024
497,38,Male,Clothing,227.57,2,,1,2,PayPal,8/17/2024
498,46,Female,Groceries,378.87,7,Online,1,2,PayPal,04-01-2024
499,39,Genderqueer,Gardening & Outdoors,,5,Mixed,,1,PayPal,7/19/2024
500,43,Male,Electronics,175.65,11,,4,3,Other,12-08-2024
501,44,Genderfluid,Clothing,491.49,10,Mixed,1,1,,5/28/2024
502,,Male,Beauty & Personal Care,88.4,5,In-Store,5,2,Cash,5/26/2024
503,29,Male,Office Supplies,430.9,8,Online,4,5,Credit Card,06-06-2024
504,50,Male,Mobile Accessories,435.23,2,In-Store,2,4,,2/27/2024
505,19,Female,,218.65,,Online,4,2,Credit Card,7/17/2024
506,27,Male,Health Supplements,207.66,10,In-Store,2,3,Other,07-08-2024
507,34,,Arts & Crafts,141.09,7,In-Store,3,4,Debit Card,6/19/2024
508,39,Male,Packages),142.7,6,In-Store,3,2,Credit Card,5/17/2024
509,44,Male,Animal Feed,64.09,10,Online,5,5,Credit Card,10/20/2024
510,20,Female,Toys & Games,126.26,,Online,,,Debit Card,9/19/2024
511,42,Female,Hotels,195.05,,In-Store,2,1,Other,5/21/2024
512,22,Female,Groceries,,7,Mixed,4,5,Debit Card,02-05-2024
513,30,Male,Jewelry & Accessories,404.12,6,,1,3,Debit Card,2/29/2024
514,39,Male,,438.26,10,In-Store,3,4,Debit Card,07-04-2024
515,,Female,,,4,Mixed,3,3,,
516,,Female,Packages),273.41,7,Online,3,5,Other,10/17/2024
517,21,Female,Furniture,338.96,10,Online,1,4,Debit Card,11-04-2024
518,37,Male,Luxury Goods,75.91,12,,3,5,,11/21/2024
519,,Male,Mobile Accessories,425.21,12,Online,,4,Other,3/25/2024
520,46,Male,Software & Apps,268.8,2,In-Store,1,3,Debit Card,4/20/2024
521,35,Female,Health Care,170.71,10,Mixed,5,3,Credit Card,4/14/2024
522,33,Non-binary,Animal Feed,444.05,10,Online,,4,PayPal,06-04-2024
523,47,,Gardening & Outdoors,255.1,5,,5,1,PayPal,1/28/2024
524,32,Male,Health Supplements,236.44,6,Mixed,4,4,PayPal,5/15/2024
525,20,Male,Furniture,201.69,11,,4,5,Other,7/19/2024
526,37,Female,Arts & Crafts,,6,Online,3,2,Cash,4/15/2024
527,,Non-binary,Clothing,442.29,9,Mixed,1,2,PayPal,
528,18,Female,Furniture,89.6,7,In-Store,5,3,Cash,03-10-2024
529,27,Male,Sports & Outdoors,166.74,6,Mixed,2,5,Other,1/14/2024
530,29,Female,Mobile Accessories,299.28,12,Mixed,4,5,Debit Card,5/29/2024
531,24,Male,Sports & Outdoors,404.57,5,Mixed,4,3,Debit Card,8/31/2024
532,27,Male,Software & Apps,344.81,10,In-Store,3,1,Other,12/23/2024
533,34,Male,Health Care,217.84,10,Online,2,2,Cash,1/16/2024
534,21,Male,,445.34,9,In-Store,,2,Cash,03-04-2024
535,18,Male,Home Appliances,151.73,,In-Store,2,4,,
536,50,Bigender,Electronics,123.73,9,Online,1,4,Credit Card,10-07-2024
537,31,Male,Travel & Leisure (Flights,370.54,2,,3,3,Credit Card,3/25/2024
538,45,Male,Baby Products,152.87,3,In-Store,1,5,Debit Card,8/20/2024
539,29,,Health Supplements,295.75,4,Mixed,1,1,Credit Card,12-07-2024
540,36,Male,Office Supplies,358.11,11,Mixed,5,1,Credit Card,09-03-2024
541,27,Female,Jewelry & Accessories,63.6,12,Mixed,5,1,PayPal,02-09-2024
542,,Male,Books,419.53,3,Mixed,1,5,Other,3/27/2024
543,,,Groceries,491.92,,In-Store,5,3,Credit Card,12/29/2024
544,21,Bigender,Sports & Outdoors,114.44,4,Online,5,3,Credit Card,10/20/2024
545,19,Female,Mobile Accessories,,10,Mixed,2,3,Other,09-03-2024
546,,Female,Mobile Accessories,58.32,7,In-Store,1,5,PayPal,3/13/2024
547,28,Female,Groceries,464.76,2,Mixed,,1,Debit Card,02-04-2024
548,27,Female,Home Appliances,116.92,7,Mixed,2,3,Debit Card,
549,47,Female,Jewelry & Accessories,396.76,8,Online,,3,Cash,7/17/2024
550,20,Agender,Packages),393.35,7,Mixed,3,,Credit Card,6/16/2024
551,26,Female,,114.03,,Mixed,4,3,Credit Card,4/13/2024
552,49,Male,Health Supplements,109.97,4,,4,4,Credit Card,08-12-2024
553,89,Female,Beauty & Personal Care,3102.3,,In-Store,1,4,PayPal,12/17/2024
554,22,Male,Travel & Leisure (Flights,,,Mixed,4,5,Cash,9/25/2024
555,25,Male,,434.86,11,In-Store,2,5,Other,6/24/2024
556,30,Female,Office Supplies,489.1,9,Mixed,3,4,Credit Card,11/18/2024
557,19,Polygender,Jewelry & Accessories,288.15,3,Online,1,4,Cash,08-06-2024
558,35,Male,Clothing,105.87,12,Mixed,3,2,Cash,9/15/2024
559,45,Male,Luxury Goods,163.4,3,,3,5,Cash,07-08-2024
560,20,Male,Gardening & Outdoors,422.92,6,Mixed,4,1,Debit Card,10/17/2024
561,48,Male,Gardening & Outdoors,361.48,10,Online,1,4,Cash,6/16/2024
562,23,Male,Hotels,270.82,2,In-Store,4,2,Other,10/30/2024
563,49,,Toys & Games,372.26,11,In-Store,1,5,PayPal,8/13/2024
564,23,Female,Electronics,208.59,,Mixed,1,1,,09-03-2024
565,39,,,163.22,8,,5,3,PayPal,07-01-2024
566,45,,Animal Feed,364.98,7,In-Store,4,1,Cash,05-11-2024
567,31,Genderqueer,Groceries,,3,In-Store,2,5,PayPal,9/28/2024
568,19,Female,Electronics,449.72,3,Mixed,3,3,Other,2/18/2024
569,27,Male,Gardening & Outdoors,241.56,12,Mixed,3,2,PayPal,11/28/2024
570,,,Clothing,249.73,5,Mixed,1,4,Cash,11/15/2024
571,24,Male,Home Appliances,,7,Mixed,2,4,Cash,
572,22,Male,Groceries,277.29,4,Mixed,1,4,Credit Card,1/27/2024
573,,,Electronics,,6,Online,5,5,Debit Card,5/15/2024
574,37,,Software & Apps,242.79,6,Mixed,2,4,Other,1/20/2024
575,34,Male,Travel & Leisure (Flights,393.09,8,Online,5,3,Cash,04-11-2024
576,,Male,,167.61,2,Online,3,5,Other,11-10-2024
577,44,Male,,,2,In-Store,4,2,PayPal,4/18/2024
578,24,Female,Mobile Accessories,159.3,11,Mixed,5,4,PayPal,4/24/2024
579,,Genderqueer,Luxury Goods,324.39,5,Online,2,2,PayPal,11/19/2024
580,37,Agender,,198.89,2,In-Store,2,2,Credit Card,01-12-2024
581,41,Female,Clothing,287.18,7,In-Store,4,,Debit Card,03-11-2024
582,32,Male,Office Supplies,162.24,7,In-Store,5,3,PayPal,10-11-2024
583,37,Female,Arts & Crafts,92.97,6,In-Store,5,5,Other,12/15/2024
584,41,Male,Food & Beverages,144.39,,In-Store,,3,Cash,06-11-2024
585,37,Female,,,12,In-Store,,5,Credit Card,05-08-2024
586,43,Male,Animal Feed,,12,Mixed,1,2,Other,10-12-2024
587,49,Male,Baby Products,411.62,6,,2,1,PayPal,
588,27,Female,,388.01,2,Online,1,5,PayPal,11/19/2024
589,41,Male,,50.78,6,Online,5,,,01-12-2024
590,33,Male,Packages),159.82,,In-Store,2,1,Cash,12-09-2024
591,,Male,,79.43,3,In-Store,1,5,PayPal,1/15/2024
592,42,Female,Travel & Leisure (Flights,131.36,4,In-Store,4,4,Debit Card,11/21/2024
593,27,Male,Beauty & Personal Care,299.75,12,Mixed,2,5,Credit Card,
594,29,Male,Animal Feed,319.38,9,In-Store,4,1,PayPal,11/15/2024
595,38,Male,Electronics,476.48,8,Online,5,2,PayPal,07-06-2024
596,21,Male,Gardening & Outdoors,301.01,,Mixed,2,1,Other,8/23/2024
597,18,Male,Electronics,378.71,5,Online,,1,Other,8/30/2024
598,44,,Mobile Accessories,314.32,6,Online,1,4,Credit Card,3/16/2024
599,22,,Office Supplies,210.9,12,In-Store,2,,Debit Card,8/17/2024
600,18,Female,,,4,,3,1,Debit Card,
601,24,Female,,424.18,5,Mixed,4,4,Debit Card,2/14/2024
602,28,Male,Luxury Goods,430.75,11,Online,1,3,Credit Card,
603,,Male,Mobile Accessories,162.95,11,In-Store,1,2,Cash,7/21/2024
604,40,Female,Health Supplements,209.68,2,Online,3,1,Other,
605,50,Male,Beauty & Personal Care,97.97,2,In-Store,5,5,Credit Card,10-03-2024
606,49,Male,Books,192.51,9,,2,5,Credit Card,
607,35,,Electronics,151.81,8,Online,3,4,Debit Card,1/13/2024
608,25,Female,,239.28,8,Online,1,4,Other,11-08-2024
609,,Female,Mobile Accessories,306.17,4,In-Store,3,5,PayPal,1/29/2024
610,40,Female,Electronics,370.38,11,In-Store,1,2,Other,03-04-2024
611,50,Male,Arts & Crafts,346.58,6,Mixed,5,1,Other,06-03-2024
612,24,Male,Software & Apps,292.64,5,In-Store,,1,Credit Card,12-06-2024
613,,Female,Travel & Leisure (Flights,102.91,12,,2,1,PayPal,3/26/2024
614,32,,Home Appliances,283.78,4,Mixed,,4,Debit Card,08-09-2024
615,,Female,Beauty & Personal Care,,2,In-Store,1,3,Other,5/17/2024
616,44,Female,,405.7,12,Online,1,3,Credit Card,2/17/2024
617,19,Female,Groceries,311.74,11,Mixed,,4,PayPal,1/17/2024
618,,,Clothing,,9,In-Store,4,4,Cash,07-05-2024
619,35,Female,Baby Products,418.51,6,Online,4,4,Credit Card,05-01-2024
620,39,Male,,85.03,9,In-Store,5,4,,
621,31,Male,Mobile Accessories,164.94,4,In-Store,4,4,PayPal,7/18/2024
622,,Female,,89.32,11,Online,1,1,Other,4/23/2024
623,33,Male,Clothing,388.26,,Mixed,3,,Credit Card,04-02-2024
624,33,Male,Jewelry & Accessories,106.69,5,Online,3,4,PayPal,9/20/2024
625,42,Agender,Packages),301.16,10,Online,,3,Cash,7/26/2024
626,49,Male,Hotels,,,Mixed,2,5,Cash,10-03-2024
627,46,Non-binary,Sports & Outdoors,,11,In-Store,1,,Debit Card,
628,42,Male,Books,411.81,4,Mixed,,3,Cash,04-08-2024
629,44,Female,Luxury Goods,114.93,3,In-Store,4,,Other,8/23/2024
630,,Female,Jewelry & Accessories,438.42,,Online,3,2,Cash,09-10-2024
631,36,Male,Luxury Goods,189.97,2,In-Store,2,3,Credit Card,03-06-2024
632,35,Male,Health Supplements,227.03,12,Online,2,2,PayPal,07-07-2024
633,,Male,Home Appliances,278.49,4,,,5,Credit Card,09-08-2024
634,43,Female,Animal Feed,120.56,5,Online,4,3,Debit Card,06-03-2024
635,25,Male,Gardening & Outdoors,320.94,,Online,3,,,11-08-2024
636,37,Female,Jewelry & Accessories,217.72,3,In-Store,4,4,Debit Card,
637,25,,,222.61,3,Online,1,2,PayPal,07-03-2024
638,40,Female,Beauty & Personal Care,102.73,3,Mixed,4,5,Debit Card,7/18/2024
639,40,Female,Sports & Outdoors,426.87,2,,4,2,Debit Card,3/14/2024
640,20,Female,,473.28,5,Online,5,,Cash,12-09-2024
641,39,Male,Jewelry & Accessories,446.03,9,In-Store,2,1,Other,6/26/2024
642,19,Female,,287.95,3,Mixed,2,3,PayPal,11-12-2024
643,31,Female,Luxury Goods,132.52,6,Mixed,1,2,,12/20/2024
644,36,Female,Sports & Outdoors,379.2,7,Online,5,1,Debit Card,5/28/2024
645,31,Genderfluid,,447.53,4,Online,,1,PayPal,
646,45,Female,Office Supplies,138.44,4,Mixed,5,1,Cash,2/22/2024
647,45,Agender,Home Appliances,440.62,8,Mixed,,,Debit Card,02-01-2024
648,,Female,,145.98,,In-Store,1,,Other,9/16/2024
649,,Male,Software & Apps,405.66,11,Online,5,2,Cash,4/27/2024
650,26,Female,Clothing,419.98,7,In-Store,4,4,PayPal,4/28/2024
651,100,Female,,2601.4,5,Online,3,,Other,09-01-2024
652,36,Female,,368.91,,In-Store,1,3,Debit Card,3/21/2024
653,32,Male,Home Appliances,100.32,2,In-Store,5,1,,12-11-2024
654,34,Male,Food & Beverages,107.82,7,Mixed,,3,Credit Card,12-04-2024
655,50,Male,Baby Products,83.88,11,Online,4,2,,2/24/2024
656,24,,Travel & Leisure (Flights,81.25,,Online,,2,Cash,5/24/2024
657,,Male,Home Appliances,125.8,12,In-Store,4,4,PayPal,5/18/2024
658,18,,Health Supplements,,11,Mixed,2,4,Debit Card,04-02-2024
659,44,,Travel & Leisure (Flights,299.09,,In-Store,1,1,Debit Card,
660,41,,Travel & Leisure (Flights,79.3,10,Online,3,2,,09-03-2024
661,33,Male,Books,55.73,12,In-Store,4,3,PayPal,5/19/2024
662,,Male,Software & Apps,256.44,8,In-Store,4,1,Other,08-04-2024
663,23,Female,Toys & Games,337.21,12,Online,1,,,
664,35,Female,Software & Apps,494.97,12,In-Store,5,4,Debit Card,8/16/2024
665,31,Female,Arts & Crafts,238.58,6,Online,3,2,PayPal,06-11-2024
666,20,Female,Sports & Outdoors,131.9,8,,3,5,Credit Card,11-01-2024
667,49,Female,Food & Beverages,,12,Mixed,,5,Other,8/22/2024
668,26,Female,Health Supplements,,10,In-Store,1,3,Other,8/24/2024
669,36,Male,Furniture,365.38,11,Online,1,4,Cash,08-01-2024
670,21,Male,Sports & Outdoors,,11,Mixed,,2,Credit Card,02-09-2024
671,35,Female,Health Care,495.95,5,In-Store,4,2,Other,04-10-2024
672,41,Male,Baby Products,356.22,7,In-Store,2,5,Credit Card,06-10-2024
673,22,Genderqueer,Health Supplements,,7,In-Store,4,5,Credit Card,11-07-2024
674,42,Male,Sports & Outdoors,454.36,3,In-Store,4,5,Cash,9/16/2024
675,50,Male,Software & Apps,486.07,11,Mixed,5,1,Credit Card,
676,80,Female,Packages),,11,Mixed,4,3,Debit Card,03-03-2024
677,,Female,,235.13,10,Online,,4,Other,3/29/2024
678,40,Female,Groceries,361.27,4,Online,,3,Credit Card,9/15/2024
679,,Female,,195.83,10,Mixed,1,2,Debit Card,1/25/2024
680,21,Male,Sports & Outdoors,340.31,10,Online,,1,Other,9/18/2024
681,40,,Animal Feed,489.67,5,Mixed,5,,Debit Card,12/21/2024
682,26,Male,Mobile Accessories,482.5,11,,1,1,Cash,9/28/2024
683,32,Female,Jewelry & Accessories,433.14,10,In-Store,3,1,Debit Card,07-09-2024
684,47,Female,Jewelry & Accessories,375.7,6,Online,3,,Other,9/27/2024
685,21,Male,Travel & Leisure (Flights,381.3,12,,2,,Credit Card,
686,34,Male,Electronics,210.21,,Mixed,4,1,PayPal,07-05-2024
687,29,Male,Health Supplements,408.81,8,,5,4,Debit Card,7/16/2024
688,20,Female,,118.65,10,Mixed,1,3,,01-09-2024
689,50,Male,Software & Apps,166.45,7,Mixed,5,2,Cash,8/13/2024
690,79,Female,Travel & Leisure (Flights,3853.2,10,Online,,1,PayPal,09-05-2024
691,25,Non-binary,Mobile Accessories,293.99,10,Mixed,3,4,Credit Card,9/29/2024
692,37,Male,Toys & Games,161.41,9,Mixed,1,4,PayPal,04-07-2024
693,39,Male,Groceries,130.92,2,Online,,2,,
694,,Female,Toys & Games,468.6,4,Mixed,3,4,PayPal,6/14/2024
695,47,Male,Toys & Games,237.57,5,Online,3,3,Cash,4/25/2024
696,50,Female,Furniture,395.18,5,In-Store,2,2,Other,
697,,Polygender,,427.94,,Mixed,5,4,Other,3/29/2024
698,28,,Hotels,81.23,9,Mixed,2,5,Cash,3/26/2024
699,23,Male,Hotels,257.43,,Online,4,2,Other,4/14/2024
700,42,Male,Arts & Crafts,305.73,7,Mixed,2,5,,12/14/2024
701,32,Male,Toys & Games,249.82,10,In-Store,,,PayPal,08-12-2024
702,33,Male,Animal Feed,332.79,11,Online,3,5,PayPal,8/29/2024
703,32,Male,Arts & Crafts,78.9,,In-Store,4,1,Debit Card,09-07-2024
704,29,Male,Health Care,,9,Mixed,2,4,Credit Card,6/28/2024
705,25,Non-binary,Mobile Accessories,307.61,6,Mixed,1,1,PayPal,09-12-2024
706,41,Female,Software & Apps,,2,In-Store,1,5,Debit Card,1/19/2024
707,24,Female,Mobile Accessories,465.07,8,Online,,4,Cash,03-02-2024
708,32,Female,Sports & Outdoors,498.23,10,Online,5,2,Other,01-08-2024
709,41,,Luxury Goods,491.18,3,Mixed,4,4,Cash,8/27/2024
710,18,Male,Health Care,149.42,3,Mixed,1,,Cash,
711,25,Male,Furniture,82.13,9,Online,5,1,Debit Card,04-09-2024
543,,,Groceries,491.92,,In-Store,5,3,Credit Card,12/29/2024
544,21,Bigender,Sports & Outdoors,114.44,4,Online,5,3,Credit Card,10/20/2024
714,47,Female,Jewelry & Accessories,70.3,6,Online,3,5,Cash,03-03-2024
715,93,Male,Luxury Goods,3193.9,7,Mixed,4,,Credit Card,11/17/2024
716,38,Female,Home Appliances,113.51,11,Mixed,4,1,Credit Card,2/14/2024
717,40,Female,Animal Feed,492.74,2,Mixed,1,5,Other,2/29/2024
718,,Male,Furniture,143.8,9,In-Store,2,2,Debit Card,
719,18,Agender,Arts & Crafts,158.54,5,Online,2,1,Debit Card,3/31/2024
720,39,Female,Furniture,213.39,6,Online,3,4,Cash,10/27/2024
721,31,Male,Health Supplements,127.18,2,In-Store,5,5,,12/21/2024
722,27,Male,Luxury Goods,476.63,9,In-Store,3,5,Debit Card,11/19/2024
723,31,Female,Animal Feed,56.02,3,Online,5,3,PayPal,9/13/2024
724,36,Female,Electronics,398.97,3,Online,2,3,Debit Card,9/26/2024
725,27,Female,Groceries,53.45,6,Mixed,2,3,Debit Card,7/14/2024
726,21,,Groceries,61.19,2,Mixed,,5,PayPal,08-12-2024
727,50,Female,Luxury Goods,471.31,4,Mixed,1,5,,12/17/2024
728,49,Female,,,10,,3,1,PayPal,3/21/2024
729,,Female,Food & Beverages,294.61,6,,2,1,PayPal,10-03-2024
730,35,Non-binary,,375.45,6,Online,3,4,Other,4/14/2024
731,21,Male,Electronics,83.5,,In-Store,2,4,Cash,1/25/2024
732,34,Male,Home Appliances,109.88,7,Online,4,4,Credit Card,01-05-2024
733,,Female,Office Supplies,182.54,11,Mixed,5,5,Cash,8/21/2024
734,23,Female,,465.48,3,Mixed,3,,Cash,6/21/2024
735,,Female,Health Care,224.52,8,,3,3,Credit Card,
736,,Male,Beauty & Personal Care,281.37,12,Online,2,,Debit Card,01-02-2024
737,22,Female,,125.68,2,Online,1,4,Debit Card,6/21/2024
738,38,Female,Beauty & Personal Care,178.21,7,In-Store,1,,PayPal,5/24/2024
739,,Male,Health Care,483.23,7,Online,2,4,PayPal,12/19/2024
740,18,Male,Home Appliances,415.3,11,In-Store,4,2,PayPal,9/25/2024
741,36,Male,,85.52,7,,1,5,Other,10/31/2024
742,44,Female,,422.31,,In-Store,3,4,Other,08-09-2024
743,48,Bigender,Arts & Crafts,,11,Online,4,5,Other,10-01-2024
744,23,Female,Toys & Games,437.4,6,Mixed,1,,Credit Card,6/16/2024
745,,Male,Jewelry & Accessories,,4,Mixed,1,4,Other,3/28/2024
746,50,Female,Animal Feed,378.87,2,Online,5,2,Debit Card,6/16/2024
747,30,Female,Baby Products,349,10,Mixed,3,5,PayPal,1/15/2024
748,38,Male,Hotels,330.27,3,In-Store,3,,Other,02-10-2024
749,42,Male,Health Supplements,410.29,10,Online,2,4,,
750,24,Female,Hotels,400.86,7,,3,,Credit Card,09-12-2024
751,,Female,Beauty & Personal Care,225.12,11,In-Store,3,2,,8/31/2024
752,36,Female,Beauty & Personal Care,273.48,12,Online,5,3,,1/22/2024
753,19,Bigender,Furniture,363.84,11,Online,3,2,Cash,8/30/2024
754,24,Female,Packages),302.6,9,,1,4,Debit Card,7/23/2024
755,35,Male,Animal Feed,317.09,6,Online,1,1,Other,04-11-2024
756,38,Female,Beauty & Personal Care,193.32,9,Mixed,4,3,,07-11-2024
757,34,Male,Software & Apps,282.24,,Online,,,Credit Card,9/16/2024
758,29,Female,Hotels,154.19,6,,5,,PayPal,9/22/2024
759,41,Female,Furniture,84.15,10,In-Store,1,3,PayPal,11-03-2024
760,41,Male,Health Supplements,214.69,7,In-Store,,4,Credit Card,5/15/2024
761,32,Male,Animal Feed,,,Mixed,5,5,Credit Card,11/24/2024
762,,Female,Packages),462.48,11,Online,,3,Debit Card,3/31/2024
763,33,Male,Software & Apps,449.18,3,Mixed,5,3,Credit Card,3/21/2024
764,25,Female,Mobile Accessories,314.36,7,In-Store,3,5,Cash,07-03-2024
765,46,Female,Jewelry & Accessories,367.7,3,Mixed,3,,Credit Card,
766,41,Female,Sports & Outdoors,229.97,7,Mixed,,4,Other,11/21/2024
767,28,Female,Home Appliances,,3,,3,1,PayPal,08-02-2024
768,23,Male,Software & Apps,218.32,2,,5,3,PayPal,9/24/2024
769,48,,Furniture,132.67,,In-Store,2,5,Other,12/18/2024
770,26,Male,Arts & Crafts,416.96,7,In-Store,5,,Other,5/25/2024
771,39,Female,Arts & Crafts,459.51,,In-Store,1,2,Debit Card,01-05-2024
772,45,Male,Sports & Outdoors,,2,Mixed,5,3,PayPal,3/15/2024
773,22,Male,Toys & Games,150.11,7,Mixed,4,,Credit Card,7/23/2024
774,36,Male,Hotels,218.87,5,Mixed,4,3,Cash,
775,,Female,Mobile Accessories,437.06,7,,3,5,Cash,03-09-2024
776,33,,Beauty & Personal Care,122.58,2,In-Store,5,4,,1/29/2024
777,35,Male,,195.07,8,Online,3,1,Debit Card,
778,39,Female,Books,,9,In-Store,,1,Other,02-03-2024
779,38,Female,Groceries,485.76,10,In-Store,3,4,Debit Card,06-03-2024
780,27,Female,Books,242.57,7,In-Store,1,1,PayPal,10-05-2024
781,35,Male,Arts & Crafts,303.13,2,Online,,1,Debit Card,01-04-2024
782,43,Female,Toys & Games,136.1,5,In-Store,,5,Debit Card,2/27/2024
783,40,Bigender,Electronics,249.02,11,Mixed,3,2,PayPal,10-01-2024
784,19,Male,Office Supplies,466.74,,In-Store,3,4,Debit Card,12-11-2024
785,46,Agender,Animal Feed,229.3,6,In-Store,4,5,Other,11/25/2024
786,30,Female,Packages),450.52,8,,2,2,PayPal,
787,35,Male,Groceries,246.44,4,Mixed,3,1,,9/17/2024
788,34,Male,Home Appliances,93.52,2,Online,1,5,PayPal,08-12-2024
789,28,Female,Groceries,,6,,3,3,Cash,09-09-2024
790,44,Female,Home Appliances,78.64,5,Mixed,3,,PayPal,5/26/2024
791,25,Male,Software & Apps,214.82,9,Mixed,5,4,Other,11-09-2024
792,45,Male,Mobile Accessories,57.39,3,Mixed,2,5,Credit Card,7/19/2024
793,47,Female,Beauty & Personal Care,363.91,10,,1,1,Cash,01-07-2024
794,39,Male,Travel & Leisure (Flights,304.79,12,In-Store,2,4,Other,01-07-2024
795,,Male,Jewelry & Accessories,363.98,4,Online,4,4,PayPal,5/27/2024
796,47,Male,Books,249.6,7,,4,1,Debit Card,05-11-2024
797,19,Male,Electronics,345.04,12,In-Store,1,5,Credit Card,
798,48,Female,Arts & Crafts,,3,In-Store,4,2,Debit Card,4/19/2024
799,,Male,Home Appliances,461.81,12,Mixed,4,3,Other,06-07-2024
800,31,Female,Health Care,280.88,4,Mixed,3,4,Credit Card,05-05-2024
801,44,Male,Luxury Goods,283.7,8,Mixed,2,5,Cash,2/29/2024
802,24,,,411.95,10,In-Store,5,3,PayPal,12/18/2024
803,32,Female,Gardening & Outdoors,476.11,5,In-Store,1,4,,10/29/2024
804,28,Female,Gardening & Outdoors,399.24,7,In-Store,4,2,Debit Card,6/21/2024
805,26,Male,Jewelry & Accessories,90.79,12,In-Store,4,1,Other,9/16/2024
806,38,Female,Animal Feed,229.56,9,Online,1,2,PayPal,1/14/2024
807,28,Female,Sports & Outdoors,160.47,7,Mixed,1,,Debit Card,3/17/2024
808,30,Genderqueer,Software & Apps,104.74,6,Online,2,4,PayPal,9/22/2024
809,37,Female,Food & Beverages,399.95,10,In-Store,2,1,Cash,03-07-2024
810,,Female,Baby Products,337.33,8,In-Store,1,4,Debit Card,11/25/2024
811,41,,Jewelry & Accessories,204.83,6,In-Store,5,1,Debit Card,4/22/2024
812,22,,Packages),193.94,11,Mixed,4,1,Other,08-09-2024
813,46,Male,Mobile Accessories,460.37,10,Online,5,4,Credit Card,7/13/2024
814,34,Non-binary,Arts & Crafts,297.29,9,Online,,4,,01-01-2024
815,31,Male,Books,389.47,,In-Store,5,3,Credit Card,02-11-2024
816,38,Male,Home Appliances,,,Mixed,5,3,Cash,10/30/2024
817,45,Male,Jewelry & Accessories,462.24,2,Mixed,4,5,Other,3/19/2024
818,30,,Food & Beverages,472.53,11,Online,4,1,Debit Card,4/30/2024
819,45,Female,Home Appliances,407.29,3,In-Store,5,5,Other,11/25/2024
820,18,Male,Mobile Accessories,135.65,,Online,4,1,Other,
821,36,Male,Animal Feed,,4,Online,2,2,Credit Card,6/20/2024
822,25,Female,Books,441.73,12,Online,,4,Credit Card,02-04-2024
823,21,Female,Luxury Goods,105.95,12,,1,4,Cash,08-04-2024
824,26,Male,Groceries,351.54,11,Mixed,1,3,PayPal,
825,40,,,321.26,12,Online,4,1,Debit Card,6/13/2024
826,47,Female,Animal Feed,421.5,,Online,5,1,,04-04-2024
827,27,,Food & Beverages,,6,Mixed,3,2,PayPal,05-02-2024
828,29,Female,Jewelry & Accessories,217.62,3,Online,,2,,2/14/2024
829,,Male,Books,226.04,11,Online,4,1,PayPal,5/14/2024
830,,Genderfluid,Packages),52.79,4,Online,2,2,Debit Card,
831,43,Male,Jewelry & Accessories,385.08,7,,,,Debit Card,11-12-2024
832,33,Male,Hotels,181.1,,Online,2,5,Credit Card,12/26/2024
833,23,,Office Supplies,246.41,7,In-Store,2,4,Cash,10-01-2024
834,37,Female,Baby Products,140.87,8,In-Store,3,3,Other,03-03-2024
835,34,,Software & Apps,151.25,2,In-Store,2,5,,4/20/2024
836,,Male,Hotels,171.52,3,Mixed,5,5,Cash,8/21/2024
837,40,Male,Sports & Outdoors,399.56,10,Online,4,2,Cash,10/21/2024
838,40,Female,,173.46,4,,,3,PayPal,04-11-2024
839,43,,Toys & Games,332.14,10,Online,4,4,PayPal,02-09-2024
840,37,Non-binary,Food & Beverages,247.05,8,In-Store,3,2,Cash,5/25/2024
841,49,Male,Office Supplies,365.88,10,Mixed,4,5,PayPal,4/16/2024
842,27,Female,Toys & Games,354.92,8,Mixed,5,4,Debit Card,2/17/2024
843,19,,Jewelry & Accessories,195.46,10,Mixed,5,3,Other,07-07-2024
844,40,Female,Books,,7,In-Store,3,1,Other,08-03-2024
845,27,Male,Animal Feed,106.96,6,In-Store,3,1,Debit Card,03-09-2024
846,29,Female,Electronics,371.84,,In-Store,5,4,Other,7/28/2024
847,45,Polygender,Health Supplements,461.16,8,Mixed,1,4,Other,2/29/2024
848,24,Female,Books,,11,In-Store,4,,Cash,07-03-2024
849,45,Female,Health Care,492.83,5,,2,1,Debit Card,03-02-2024
850,,Female,Groceries,295.54,8,Online,3,3,Cash,7/27/2024
851,40,Male,Furniture,494.81,9,Mixed,2,4,PayPal,5/26/2024
852,21,,Mobile Accessories,160.25,7,Online,2,3,PayPal,03-04-2024
853,42,Female,Gardening & Outdoors,198.36,4,Online,1,1,Cash,12/13/2024
854,44,Female,Furniture,82.39,12,In-Store,5,1,Other,2/24/2024
855,46,Female,Hotels,290.56,3,In-Store,5,1,,03-12-2024
856,29,Male,,206.79,5,In-Store,1,,Credit Card,8/21/2024
857,19,Female,Baby Products,401.43,8,Mixed,4,2,Other,5/23/2024
858,21,Male,,188.17,9,Online,5,5,Debit Card,
859,38,Female,Gardening & Outdoors,83.21,10,Online,4,3,Other,3/20/2024
860,41,Bigender,Gardening & Outdoors,,4,In-Store,1,2,PayPal,10-03-2024
861,49,Female,Office Supplies,371.12,8,Online,5,1,PayPal,
862,32,Genderfluid,Packages),,,In-Store,2,1,Credit Card,9/17/2024
863,24,Male,Books,185.83,11,In-Store,4,2,Other,10/17/2024
864,27,Male,Office Supplies,117.13,7,Mixed,1,1,Credit Card,08-08-2024
865,44,Female,Office Supplies,,11,In-Store,3,1,Credit Card,
866,28,Female,Baby Products,446.69,,In-Store,4,5,Cash,06-12-2024
867,23,,Packages),216.84,5,In-Store,4,3,PayPal,3/28/2024
868,42,Female,Electronics,75.27,7,Mixed,3,4,PayPal,12/27/2024
869,20,Male,,308.87,2,In-Store,3,4,Cash,
870,49,Male,Travel & Leisure (Flights,169.77,5,In-Store,1,4,Other,6/15/2024
871,19,Male,Toys & Games,289.08,12,Online,2,1,Other,8/14/2024
872,38,Female,Travel & Leisure (Flights,74.09,10,Mixed,1,4,Other,
873,43,Male,Travel & Leisure (Flights,201.53,5,Online,,3,Other,06-01-2024
874,38,Male,Arts & Crafts,244.6,12,Online,4,4,Other,8/25/2024
875,21,Male,Software & Apps,320.5,10,In-Store,3,4,Cash,03-01-2024
876,27,Male,,91.63,3,In-Store,5,2,Debit Card,
877,35,Male,Sports & Outdoors,251.93,,In-Store,3,2,Debit Card,01-02-2024
878,30,Male,Luxury Goods,477.35,4,Online,2,5,PayPal,12/28/2024
879,31,Male,,,10,Mixed,3,1,Cash,09-02-2024
880,50,Bigender,Health Care,474.42,4,In-Store,2,3,Debit Card,9/21/2024
881,34,Female,Gardening & Outdoors,429.24,7,Mixed,3,5,Debit Card,3/27/2024
882,24,,Home Appliances,470.38,8,Mixed,2,4,Other,11-11-2024
883,32,Female,Gardening & Outdoors,495.8,4,Mixed,1,2,PayPal,9/16/2024
884,21,Female,Electronics,129.64,4,In-Store,3,1,Debit Card,5/27/2024
885,91,Male,,4737.7,9,Online,3,,PayPal,05-02-2024
886,40,Female,Electronics,130.84,4,Online,,5,PayPal,9/13/2024
887,48,Male,Groceries,436.54,12,Online,3,3,Debit Card,5/30/2024
888,25,Female,Animal Feed,264.01,4,In-Store,,4,Other,10/21/2024
889,30,Female,Travel & Leisure (Flights,58.27,2,In-Store,5,4,Cash,10/15/2024
890,25,Male,Sports & Outdoors,190.76,10,,5,5,Other,11-07-2024
891,40,Female,Animal Feed,105.76,8,Online,4,4,Credit Card,1/18/2024
892,,Female,Hotels,254.29,9,Mixed,5,4,Cash,4/30/2024
893,49,Male,Sports & Outdoors,435.52,9,Online,5,,Debit Card,11-12-2024
894,50,Female,Office Supplies,235.49,5,In-Store,4,3,Cash,5/13/2024
895,,Male,,161.34,3,Mixed,2,3,Credit Card,9/28/2024
896,19,Male,Mobile Accessories,167.67,11,In-Store,5,2,Credit Card,3/18/2024
897,50,Female,Food & Beverages,96.68,10,Mixed,5,2,Credit Card,4/13/2024
898,32,Male,Gardening & Outdoors,,3,,,5,PayPal,4/23/2024
899,21,,Furniture,156.48,7,In-Store,5,1,Other,3/13/2024
900,27,Polygender,Jewelry & Accessories,489.66,11,Mixed,5,1,Other,1/18/2024
901,,Agender,Packages),161.85,9,In-Store,5,3,Other,4/25/2024
902,34,Male,Electronics,204.47,7,Online,2,1,Credit Card,8/15/2024
903,34,Female,Hotels,315.03,4,Online,1,5,PayPal,11-10-2024
904,42,Male,Furniture,330.36,12,In-Store,,5,Other,6/29/2024
905,42,Male,Toys & Games,456.83,5,Online,2,5,Credit Card,6/20/2024
906,31,Male,Jewelry & Accessories,236.05,6,In-Store,2,3,Other,11/16/2024
907,35,Female,Home Appliances,289.28,9,Online,3,5,PayPal,6/29/2024
908,27,Female,,483.77,5,In-Store,1,2,Credit Card,7/20/2024
909,45,Male,Furniture,64.5,,In-Store,3,,Credit Card,7/28/2024
910,43,Male,Groceries,436.57,4,Mixed,5,3,Debit Card,02-02-2024
911,35,,Food & Beverages,364.48,2,Mixed,3,3,Other,9/26/2024
912,33,Female,Beauty & Personal Care,,12,In-Store,1,4,Other,04-04-2024
913,31,Female,Clothing,,3,Mixed,5,1,Other,10/22/2024
914,31,Female,Health Supplements,344.43,7,Online,3,5,Credit Card,07-12-2024
915,26,Male,Baby Products,326.08,11,In-Store,4,3,PayPal,6/30/2024
916,49,Male,Gardening & Outdoors,,8,Online,4,2,Debit Card,04-02-2024
917,23,Male,Packages),391.87,3,Online,1,,Cash,2/16/2024
918,,Male,,333.41,3,Online,2,,PayPal,1/31/2024
919,32,Male,Groceries,251.54,9,Online,5,1,,10-09-2024
920,37,Female,Electronics,292.08,7,In-Store,3,2,Credit Card,04-09-2024
921,25,Polygender,Travel & Leisure (Flights,204.29,11,In-Store,5,4,PayPal,5/16/2024
922,,Male,Packages),258.68,4,Online,4,2,Credit Card,10/22/2024
923,26,,Gardening & Outdoors,258.02,2,In-Store,3,2,PayPal,11-08-2024
924,29,Female,Gardening & Outdoors,181.87,12,Mixed,4,1,Debit Card,09-01-2024
925,,Male,Groceries,81.18,8,Online,4,5,,5/17/2024
926,,Female,Books,382.94,8,In-Store,,3,Debit Card,5/19/2024
927,47,Female,Beauty & Personal Care,402.82,,Online,4,,Debit Card,1/25/2024
928,30,Male,,497.76,2,In-Store,1,2,Credit Card,03-08-2024
929,26,Female,Furniture,,5,,4,2,Credit Card,7/13/2024
930,,Female,Electronics,,2,,2,3,PayPal,11/21/2024
931,40,Male,Baby Products,422.09,3,In-Store,4,1,PayPal,3/31/2024
932,35,Male,Gardening & Outdoors,411.83,2,In-Store,2,3,PayPal,4/28/2024
933,,Male,Software & Apps,242.65,3,Mixed,5,3,Cash,07-09-2024
934,41,Male,Sports & Outdoors,,6,Mixed,5,2,PayPal,
935,44,Female,Mobile Accessories,191.21,7,Mixed,5,4,Debit Card,04-04-2024
936,44,Female,Electronics,136.67,3,Online,3,1,PayPal,6/20/2024
937,37,Male,Sports & Outdoors,324.11,11,Online,3,3,Cash,3/22/2024
938,40,Female,Animal Feed,105.64,6,Online,1,,Other,04-06-2024
939,,Male,Electronics,295.6,10,Online,1,2,Credit Card,5/20/2024
940,48,Male,Animal Feed,227.03,9,In-Store,4,4,Other,04-09-2024
941,32,Female,Hotels,,10,Mixed,1,2,Cash,
942,37,Female,Animal Feed,173.43,4,In-Store,3,3,PayPal,5/27/2024
943,29,Female,Baby Products,462.96,2,Online,4,2,Cash,07-01-2024
944,36,Male,Mobile Accessories,203.13,10,Online,4,3,Debit Card,8/15/2024
945,50,Female,Toys & Games,443.11,9,In-Store,1,2,Other,1/19/2024
946,31,Bigender,Health Supplements,254.83,2,Mixed,1,2,Credit Card,9/18/2024
947,29,Female,Luxury Goods,336.89,4,Online,,,Credit Card,6/17/2024
948,26,Male,Baby Products,337.17,8,In-Store,5,5,Credit Card,7/26/2024
949,22,Female,,429.24,,Online,2,2,Cash,
950,35,Female,Electronics,,7,Mixed,3,5,Cash,9/27/2024
951,,,Home Appliances,336.96,2,In-Store,5,2,PayPal,09-05-2024
952,40,Female,Packages),489.81,11,Mixed,3,2,Credit Card,12/22/2024
953,32,Female,Software & Apps,455.55,8,,4,,PayPal,10/29/2024
954,29,Male,Mobile Accessories,266.61,3,Online,3,,Debit Card,06-06-2024
955,50,Polygender,Travel & Leisure (Flights,460.88,5,Mixed,3,4,Cash,04-12-2024
956,42,Male,Health Supplements,361.4,2,In-Store,2,5,Credit Card,12/21/2024
957,47,Female,Baby Products,51.86,4,Mixed,3,5,Credit Card,12/25/2024
958,27,Male,,310.16,5,Mixed,5,3,Cash,12-01-2024
959,40,Female,Packages),300.73,8,Online,4,2,Cash,3/31/2024
960,28,Female,Packages),356.87,12,Mixed,,4,Debit Card,10-12-2024
961,28,Male,Clothing,82.37,6,Mixed,1,1,Credit Card,
962,29,Female,Clothing,372.6,3,Mixed,4,5,PayPal,01-11-2024
963,29,Female,Animal Feed,78.32,9,Online,2,4,PayPal,7/29/2024
964,32,Female,Baby Products,71.72,12,Online,,5,,01-11-2024
965,39,Female,Luxury Goods,241.1,12,In-Store,1,5,Credit Card,7/30/2024
966,22,Male,Travel & Leisure (Flights,96.86,9,Mixed,5,5,,7/28/2024
967,48,Male,Food & Beverages,276.25,11,In-Store,2,1,,11-11-2024
968,29,Male,,318.45,10,In-Store,2,1,Other,
969,41,Female,Animal Feed,117.03,6,,3,2,Cash,9/20/2024
970,50,Female,Toys & Games,490.41,7,Online,3,5,Other,10/22/2024
971,,Male,Health Supplements,476.42,,In-Store,1,1,,09-09-2024
972,29,Female,Beauty & Personal Care,392.27,5,Mixed,4,5,Other,7/17/2024
973,,Male,Hotels,207.24,9,Online,2,2,Debit Card,05-12-2024
974,43,Male,Gardening & Outdoors,141.63,3,Online,4,1,Cash,10-11-2024
975,30,,Home Appliances,244.47,5,Online,3,4,,6/23/2024
976,24,Male,Gardening & Outdoors,251.63,9,Online,3,1,Credit Card,8/23/2024
977,30,Male,Toys & Games,431.78,12,Online,1,3,PayPal,2/15/2024
978,37,Female,Jewelry & Accessories,303.09,2,Online,2,5,Other,01-10-2024
979,,,Travel & Leisure (Flights,341.24,9,Mixed,5,5,Credit Card,11/18/2024
980,30,Female,Electronics,,10,Online,4,5,,05-10-2024
981,39,Female,Electronics,379.21,9,Mixed,1,5,PayPal,9/18/2024
982,46,Female,Mobile Accessories,309.53,8,Mixed,2,1,Cash,4/14/2024
983,48,Male,Books,359.45,6,Online,4,1,,03-06-2024
984,20,Female,Hotels,,8,In-Store,3,1,Other,4/19/2024
985,34,Male,Electronics,208.6,,Mixed,5,,Credit Card,2/29/2024
986,50,Female,Software & Apps,180.21,,Mixed,5,5,Cash,1/22/2024
987,25,Male,Electronics,197.9,3,Mixed,2,1,Debit Card,1/18/2024
988,49,,Home Appliances,362.3,7,Online,4,2,Other,
989,25,,Health Supplements,159.53,11,Mixed,3,4,Cash,4/27/2024
990,40,,,149.52,9,In-Store,2,5,Cash,03-10-2024
991,19,Female,Toys & Games,206.32,,Online,3,3,PayPal,10-12-2024
992,40,Bigender,Baby Products,308.58,11,Online,,5,Debit Card,5/21/2024
993,22,Female,Groceries,91.34,5,Online,2,1,Debit Card,
994,25,,Luxury Goods,455.44,7,Mixed,4,2,Other,
995,,Female,Baby Products,468.16,8,Online,3,5,Credit Card,1/22/2024
996,44,Female,Mobile Accessories,,5,Online,2,4,PayPal,07-07-2024
997,50,Female,Gardening & Outdoors,69.78,9,Mixed,4,3,Cash,3/28/2024
998,26,Male,Food & Beverages,453.37,10,Mixed,1,1,Credit Card,03-11-2024
999,21,Female,Baby Products,106.15,12,In-Store,4,,Cash,
1000,21,Female,Health Care,378.47,,Online,5,2,Other,12-08-2024
1001,33,Non-binary,Animal Feed,444.05,10,Online,,4,PayPal,06-04-2024
1002,38,Female,Beauty & Personal Care,178.21,7,In-Store,1,,PayPal,5/24/2024
1003,36,Male,,85.52,7,,1,5,Other,10/31/2024
1004,33,Male,Books,55.73,12,In-Store,4,3,PayPal,5/19/2024
1005,42,Female,Packages),442.15,10,Mixed,2,3,Credit Card,12/18/2024
1006,,Female,,195.83,10,Mixed,1,2,Debit Card,1/25/2024
1007,46,Non-binary,Sports & Outdoors,,11,In-Store,1,,Debit Card,
1008,39,Male,,438.26,10,In-Store,3,4,Debit Card,07-04-2024
1009,41,Bigender,Gardening & Outdoors,,4,In-Store,1,2,PayPal,10-03-2024
1010,47,Male,Food & Beverages,164.79,4,In-Store,3,2,Credit Card,5/23/2024
1011,22,,Packages),193.94,11,Mixed,4,1,Other,08-09-2024
1012,34,Male,Clothing,373.69,10,Online,3,2,Credit Card,12-04-2024
1013,25,,,222.61,3,Online,1,2,PayPal,07-03-2024
1014,43,Male,Gardening & Outdoors,141.63,3,Online,4,1,Cash,10-11-2024
1015,,Male,Electronics,295.6,10,Online,1,2,Credit Card,5/20/2024
1016,27,Polygender,Jewelry & Accessories,489.66,11,Mixed,5,1,Other,1/18/2024
1017,18,Male,,475.65,4,In-Store,4,5,PayPal,6/23/2024
1018,21,Female,Electronics,129.64,4,In-Store,3,1,Debit Card,5/27/2024
1019,,Female,Packages),462.48,11,Online,,3,Debit Card,3/31/2024
1020,47,,,,6,Mixed,2,2,PayPal,09-04-2024
1021,20,Agender,Packages),393.35,7,Mixed,3,,Credit Card,6/16/2024
1022,34,Male,Sports & Outdoors,291.6,2,In-Store,3,3,Cash,08-01-2024
1023,18,Female,Electronics,343.77,6,Mixed,,4,Credit Card,2/16/2024
1024,18,Female,Furniture,89.6,7,In-Store,5,3,Cash,03-10-2024
1025,94,Male,,,10,,1,1,Credit Card,05-10-2024
1026,47,,Furniture,67.92,3,In-Store,1,3,Cash,10/18/2024
1027,35,,Hotels,,6,Mixed,4,,Cash,08-03-2024
1028,25,Male,Electronics,197.9,3,Mixed,2,1,Debit Card,1/18/2024
1029,34,Female,Hotels,315.03,4,Online,1,5,PayPal,11-10-2024
1030,26,Male,Baby Products,337.17,8,In-Store,5,5,Credit Card,7/26/2024
1031,42,,Software & Apps,138.35,2,,,,Other,7/14/2024
1032,43,,Toys & Games,,5,Online,1,4,Other,03-03-2024
1033,,Female,,89.32,11,Online,1,1,Other,4/23/2024
1034,43,Male,Electronics,175.65,11,,4,3,Other,12-08-2024
1035,44,Male,Software & Apps,61.86,5,In-Store,4,5,Cash,11/15/2024
1036,23,Male,Office Supplies,150.33,9,In-Store,4,,Debit Card,4/24/2024
1037,20,Female,,118.65,10,Mixed,1,3,,01-09-2024
1038,37,Female,,,12,In-Store,,5,Credit Card,05-08-2024
1039,34,Male,Electronics,204.47,7,Online,2,1,Credit Card,8/15/2024
1040,25,Female,Hotels,,10,Online,5,3,PayPal,
1041,36,Female,Health Supplements,178.04,5,Mixed,1,1,Credit Card,9/19/2024
1042,23,Female,Animal Feed,421.95,8,Mixed,3,5,Other,3/18/2024
1043,40,Male,Baby Products,333.63,8,Mixed,4,5,Other,12-05-2024
1044,30,,Home Appliances,244.47,5,Online,3,4,,6/23/2024
1045,28,Female,Gardening & Outdoors,240.82,10,Mixed,1,3,PayPal,01-02-2024
1046,26,Male,Sports & Outdoors,73.32,10,In-Store,5,1,Debit Card,1/27/2024
1047,,Male,Groceries,81.18,8,Online,4,5,,5/17/2024
1048,28,Male,Luxury Goods,430.75,11,Online,1,3,Credit Card,
1049,,Female,Luxury Goods,472.52,,Online,2,4,Cash,1/24/2024
1050,40,Female,,173.46,4,,,3,PayPal,04-11-2024
